h,eL2,eH1
0.1,1.02109e-05,0.000925354
0.05,1.49124e-06,0.000234036
0.025,1.03838e-06,5.97242e-05
